file,sampel,label_asli,global_px,global_rasio,global_lebar,global_hasil,otsu_px,otsu_rasio,otsu_lebar,otsu_hasil
01_HighQuality_Enhanced,ttd_rektor,SIGNATURE PRESENT,9316,0.0487,0.69,SIGNATURE PRESENT,10533,0.0550,0.70,SIGNATURE PRESENT
01_HighQuality_Enhanced,kosong_kiri,SIGNATURE ABSENT,658,0.0047,0.05,SIGNATURE ABSENT,1466,0.0105,0.09,SIGNATURE ABSENT
01_HighQuality_Enhanced,kosong_tengah,SIGNATURE ABSENT,0,0.0000,0.00,SIGNATURE ABSENT,14,0.0001,0.01,SIGNATURE ABSENT
01_HighQuality_Enhanced,foto_kosong,SIGNATURE ABSENT,0,0.0000,0.00,SIGNATURE ABSENT,186,0.0014,0.06,SIGNATURE ABSENT
01_HighQuality_Enhanced,teks_nomor,SIGNATURE ABSENT,6812,0.0356,0.08,SIGNATURE ABSENT,13104,0.0685,0.26,SIGNATURE ABSENT
01_HighQuality_Enhanced,teks_prof,SIGNATURE ABSENT,3624,0.0189,0.09,SIGNATURE ABSENT,6769,0.0354,0.22,SIGNATURE ABSENT
02_LowContrast,ttd_rektor,SIGNATURE PRESENT,513,0.0027,0.03,SIGNATURE ABSENT,10564,0.0552,0.70,SIGNATURE PRESENT
02_LowContrast,kosong_kiri,SIGNATURE ABSENT,0,0.0000,0.00,SIGNATURE ABSENT,1322,0.0094,0.09,SIGNATURE ABSENT
02_LowContrast,kosong_tengah,SIGNATURE ABSENT,0,0.0000,0.00,SIGNATURE ABSENT,0,0.0000,0.00,SIGNATURE ABSENT
02_LowContrast,foto_kosong,SIGNATURE ABSENT,0,0.0000,0.00,SIGNATURE ABSENT,44,0.0003,0.00,SIGNATURE ABSENT
02_LowContrast,teks_nomor,SIGNATURE ABSENT,0,0.0000,0.00,SIGNATURE ABSENT,13192,0.0689,0.26,SIGNATURE ABSENT
02_LowContrast,teks_prof,SIGNATURE ABSENT,0,0.0000,0.00,SIGNATURE ABSENT,6820,0.0356,0.22,SIGNATURE ABSENT
03_Blurred,ttd_rektor,SIGNATURE PRESENT,4105,0.0214,0.35,SIGNATURE ABSENT,14241,0.0744,0.93,SIGNATURE PRESENT
03_Blurred,kosong_kiri,SIGNATURE ABSENT,0,0.0000,0.00,SIGNATURE ABSENT,1765,0.0126,0.10,SIGNATURE ABSENT
03_Blurred,kosong_tengah,SIGNATURE ABSENT,0,0.0000,0.00,SIGNATURE ABSENT,0,0.0000,0.00,SIGNATURE ABSENT
03_Blurred,foto_kosong,SIGNATURE ABSENT,0,0.0000,0.00,SIGNATURE ABSENT,220,0.0017,0.08,SIGNATURE ABSENT
03_Blurred,teks_nomor,SIGNATURE ABSENT,45,0.0002,0.01,SIGNATURE ABSENT,19235,0.1005,0.26,SIGNATURE ABSENT
03_Blurred,teks_prof,SIGNATURE ABSENT,115,0.0006,0.01,SIGNATURE ABSENT,9892,0.0517,0.22,SIGNATURE ABSENT
04_HighNoise,ttd_rektor,SIGNATURE PRESENT,8510,0.0445,0.69,SIGNATURE PRESENT,10462,0.0547,0.69,SIGNATURE PRESENT
04_HighNoise,kosong_kiri,SIGNATURE ABSENT,505,0.0036,0.05,SIGNATURE ABSENT,1462,0.0104,0.10,SIGNATURE ABSENT
04_HighNoise,kosong_tengah,SIGNATURE ABSENT,0,0.0000,0.00,SIGNATURE ABSENT,0,0.0000,0.00,SIGNATURE ABSENT
04_HighNoise,foto_kosong,SIGNATURE ABSENT,0,0.0000,0.00,SIGNATURE ABSENT,115,0.0009,0.00,SIGNATURE ABSENT
04_HighNoise,teks_nomor,SIGNATURE ABSENT,4995,0.0261,0.06,SIGNATURE ABSENT,12924,0.0675,0.26,SIGNATURE ABSENT
04_HighNoise,teks_prof,SIGNATURE ABSENT,2838,0.0148,0.08,SIGNATURE ABSENT,6549,0.0342,0.22,SIGNATURE ABSENT
05_LowResolution_Upsampled,ttd_rektor,SIGNATURE PRESENT,7962,0.0416,0.69,SIGNATURE PRESENT,11262,0.0588,0.70,SIGNATURE PRESENT
05_LowResolution_Upsampled,kosong_kiri,SIGNATURE ABSENT,322,0.0023,0.01,SIGNATURE ABSENT,1545,0.0110,0.10,SIGNATURE ABSENT
05_LowResolution_Upsampled,kosong_tengah,SIGNATURE ABSENT,0,0.0000,0.00,SIGNATURE ABSENT,0,0.0000,0.00,SIGNATURE ABSENT
05_LowResolution_Upsampled,foto_kosong,SIGNATURE ABSENT,0,0.0000,0.00,SIGNATURE ABSENT,186,0.0014,0.07,SIGNATURE ABSENT
05_LowResolution_Upsampled,teks_nomor,SIGNATURE ABSENT,3473,0.0181,0.02,SIGNATURE ABSENT,15062,0.0787,0.26,SIGNATURE ABSENT
05_LowResolution_Upsampled,teks_prof,SIGNATURE ABSENT,2092,0.0109,0.03,SIGNATURE ABSENT,7430,0.0388,0.22,SIGNATURE ABSENT
06_Faded_Underexposed,ttd_rektor,SIGNATURE PRESENT,11074,0.0579,0.70,SIGNATURE PRESENT,10512,0.0549,0.70,SIGNATURE PRESENT
06_Faded_Underexposed,kosong_kiri,SIGNATURE ABSENT,1284,0.0092,0.09,SIGNATURE ABSENT,1322,0.0094,0.09,SIGNATURE ABSENT
06_Faded_Underexposed,kosong_tengah,SIGNATURE ABSENT,0,0.0000,0.00,SIGNATURE ABSENT,0,0.0000,0.00,SIGNATURE ABSENT
06_Faded_Underexposed,foto_kosong,SIGNATURE ABSENT,0,0.0000,0.00,SIGNATURE ABSENT,0,0.0000,0.00,SIGNATURE ABSENT
06_Faded_Underexposed,teks_nomor,SIGNATURE ABSENT,11972,0.0625,0.26,SIGNATURE ABSENT,13067,0.0683,0.26,SIGNATURE ABSENT
06_Faded_Underexposed,teks_prof,SIGNATURE ABSENT,6104,0.0319,0.22,SIGNATURE ABSENT,6780,0.0354,0.22,SIGNATURE ABSENT
07_ColorShift_WarmTint,ttd_rektor,SIGNATURE PRESENT,8789,0.0459,0.69,SIGNATURE PRESENT,10536,0.0550,0.70,SIGNATURE PRESENT
07_ColorShift_WarmTint,kosong_kiri,SIGNATURE ABSENT,529,0.0038,0.05,SIGNATURE ABSENT,1326,0.0095,0.10,SIGNATURE ABSENT
07_ColorShift_WarmTint,kosong_tengah,SIGNATURE ABSENT,0,0.0000,0.00,SIGNATURE ABSENT,14,0.0001,0.01,SIGNATURE ABSENT
07_ColorShift_WarmTint,foto_kosong,SIGNATURE ABSENT,0,0.0000,0.00,SIGNATURE ABSENT,172,0.0013,0.06,SIGNATURE ABSENT
07_ColorShift_WarmTint,teks_nomor,SIGNATURE ABSENT,5572,0.0291,0.06,SIGNATURE ABSENT,13123,0.0686,0.26,SIGNATURE ABSENT
07_ColorShift_WarmTint,teks_prof,SIGNATURE ABSENT,3015,0.0158,0.05,SIGNATURE ABSENT,6826,0.0357,0.22,SIGNATURE ABSENT
08_JPEGCompression_Artifacts,ttd_rektor,SIGNATURE PRESENT,8396,0.0439,0.69,SIGNATURE PRESENT,10602,0.0554,0.70,SIGNATURE PRESENT
08_JPEGCompression_Artifacts,kosong_kiri,SIGNATURE ABSENT,505,0.0036,0.05,SIGNATURE ABSENT,1330,0.0095,0.09,SIGNATURE ABSENT
08_JPEGCompression_Artifacts,kosong_tengah,SIGNATURE ABSENT,0,0.0000,0.00,SIGNATURE ABSENT,14,0.0001,0.01,SIGNATURE ABSENT
08_JPEGCompression_Artifacts,foto_kosong,SIGNATURE ABSENT,0,0.0000,0.00,SIGNATURE ABSENT,154,0.0012,0.05,SIGNATURE ABSENT
08_JPEGCompression_Artifacts,teks_nomor,SIGNATURE ABSENT,4830,0.0252,0.04,SIGNATURE ABSENT,13335,0.0697,0.26,SIGNATURE ABSENT
08_JPEGCompression_Artifacts,teks_prof,SIGNATURE ABSENT,2764,0.0144,0.05,SIGNATURE ABSENT,6864,0.0359,0.22,SIGNATURE ABSENT
09_CombinedDegradation,ttd_rektor,SIGNATURE PRESENT,9919,0.0518,0.69,SIGNATURE PRESENT,11065,0.0578,0.70,SIGNATURE PRESENT
09_CombinedDegradation,kosong_kiri,SIGNATURE ABSENT,769,0.0055,0.09,SIGNATURE ABSENT,1516,0.0108,0.10,SIGNATURE ABSENT
09_CombinedDegradation,kosong_tengah,SIGNATURE ABSENT,0,0.0000,0.00,SIGNATURE ABSENT,0,0.0000,0.00,SIGNATURE ABSENT
09_CombinedDegradation,foto_kosong,SIGNATURE ABSENT,0,0.0000,0.00,SIGNATURE ABSENT,67,0.0005,0.00,SIGNATURE ABSENT
09_CombinedDegradation,teks_nomor,SIGNATURE ABSENT,7488,0.0391,0.13,SIGNATURE ABSENT,14246,0.0744,0.26,SIGNATURE ABSENT
09_CombinedDegradation,teks_prof,SIGNATURE ABSENT,3962,0.0207,0.08,SIGNATURE ABSENT,7269,0.0380,0.22,SIGNATURE ABSENT
